"Županije","Mjesec","Tip","2016 Domaći","2016 Strani","2017 Domaći","2017 Strani","2018 Domaći","2018 Strani"
"ZAGREBAČKA","I","Dolasci",1731,1700,1781,1812,1648,2121
"ZAGREBAČKA","I","Noćenja",3950,3159,3268,4316,3283,4703
"ZAGREBAČKA","II","Dolasci",1634,1302,1606,1849,1732,1727
"ZAGREBAČKA","II","Noćenja",3115,2525,2938,3786,3435,3343
"ZAGREBAČKA","III","Dolasci",1461,1666,1891,2144,1933,3130
"ZAGREBAČKA","III","Noćenja",3149,3197,3765,4632,3954,5706
"ZAGREBAČKA","IV","Dolasci",1892,3442,1899,4396,2651,6209
"ZAGREBAČKA","IV","Noćenja",3577,5539,3652,7031,4350,9768
"ZAGREBAČKA","V","Dolasci",1988,4805,2120,5999,2465,10257
"ZAGREBAČKA","V","Noćenja",3632,8024,3932,9653,4142,16073
"ZAGREBAČKA","VI","Dolasci",1988,5583,2121,7960,2448,11606
"ZAGREBAČKA","VI","Noćenja",3545,8762,4165,12492,4284,17427
"ZAGREBAČKA","VII","Dolasci",1662,8960,1683,9267,1844,13706
"ZAGREBAČKA","VII","Noćenja",3285,12870,4009,13855,3755,20561
"ZAGREBAČKA","VIII","Dolasci",1956,9518,1596,9815,2057,14367
"ZAGREBAČKA","VIII","Noćenja",3915,14283,3345,15206,4313,23103
"ZAGREBAČKA","IX","Dolasci",2133,6467,2109,8443,3038,12805
"ZAGREBAČKA","IX","Noćenja",3569,9123,3795,12643,5231,20245
"ZAGREBAČKA","X","Dolasci",2467,3702,2305,4451,3305,8779
"ZAGREBAČKA","X","Noćenja",4334,6288,4588,6949,5453,12525
"ZAGREBAČKA","XI","Dolasci",2096,2292,2177,2646,2764,3881
"ZAGREBAČKA","XI","Noćenja",4043,5032,4350,4896,5452,7105
"ZAGREBAČKA","XII","Dolasci",2914,2168,3290,3141,3819,4658
"ZAGREBAČKA","XII","Noćenja",5198,4141,5881,5663,6570,7825
"KRAPINSKO-ZAGORSKA","I","Dolasci",6703,2207,7988,2507,8862,3088
"KRAPINSKO-ZAGORSKA","I","Noćenja",18615,5440,21388,6806,23735,8640
"KRAPINSKO-ZAGORSKA","II","Dolasci",5410,3404,5823,3317,6117,4042
"KRAPINSKO-ZAGORSKA","II","Noćenja",12239,7297,13748,7840,15378,9899
"KRAPINSKO-ZAGORSKA","III","Dolasci",5261,2737,5470,3338,7034,3960
"KRAPINSKO-ZAGORSKA","III","Noćenja",13625,6697,13934,8947,15880,9685
"KRAPINSKO-ZAGORSKA","IV","Dolasci",5539,4035,6606,4419,7386,4944
"KRAPINSKO-ZAGORSKA","IV","Noćenja",12312,7839,16653,9468,18121,9546
"KRAPINSKO-ZAGORSKA","V","Dolasci",7494,3730,8270,4799,8309,5475
"KRAPINSKO-ZAGORSKA","V","Noćenja",15913,6827,19365,8515,17698,9756
"KRAPINSKO-ZAGORSKA","VI","Dolasci",4346,4767,5548,6938,6784,8482
"KRAPINSKO-ZAGORSKA","VI","Noćenja",10457,7574,13118,11213,15047,13095
"KRAPINSKO-ZAGORSKA","VII","Dolasci",3642,8565,4434,10093,4171,11639
"KRAPINSKO-ZAGORSKA","VII","Noćenja",9888,17757,12002,21337,11776,24793
"KRAPINSKO-ZAGORSKA","VIII","Dolasci",5139,8748,5505,10806,6418,12151
"KRAPINSKO-ZAGORSKA","VIII","Noćenja",15895,19745,17058,25642,17614,26580
"KRAPINSKO-ZAGORSKA","IX","Dolasci",4895,6688,5634,8089,6026,8051
"KRAPINSKO-ZAGORSKA","IX","Noćenja",12104,11396,13955,13843,14328,13752
"KRAPINSKO-ZAGORSKA","X","Dolasci",7148,5541,5852,6061,7378,6944
"KRAPINSKO-ZAGORSKA","X","Noćenja",15314,10663,13727,11667,16720,13851
"KRAPINSKO-ZAGORSKA","XI","Dolasci",5448,4040,5842,3943,7444,4635
"KRAPINSKO-ZAGORSKA","XI","Noćenja",13612,10783,13884,10051,17323,11651
"KRAPINSKO-ZAGORSKA","XII","Dolasci",5954,3144,6869,4162,7592,3737
"KRAPINSKO-ZAGORSKA","XII","Noćenja",13651,7708,16049,10067,17972,9024
"SISAČKO-MOSLAVAČKA","I","Dolasci",1466,622,1457,673,1662,990
"SISAČKO-MOSLAVAČKA","I","Noćenja",6151,1389,4946,1570,5802,2337
"SISAČKO-MOSLAVAČKA","II","Dolasci",1380,479,1357,528,1313,549
"SISAČKO-MOSLAVAČKA","II","Noćenja",5270,1232,4953,1198,4551,1106
"SISAČKO-MOSLAVAČKA","III","Dolasci",1188,490,1105,792,1182,690
"SISAČKO-MOSLAVAČKA","III","Noćenja",4838,1375,4595,1637,4080,1991
"SISAČKO-MOSLAVAČKA","IV","Dolasci",1424,827,2160,1405,1941,1102
"SISAČKO-MOSLAVAČKA","IV","Noćenja",4603,1788,5385,2460,5052,2349
"SISAČKO-MOSLAVAČKA","V","Dolasci",1574,1015,1710,1777,1628,2122
"SISAČKO-MOSLAVAČKA","V","Noćenja",3576,2428,4151,3999,4800,4159
"SISAČKO-MOSLAVAČKA","VI","Dolasci",1267,1180,1556,2089,2101,2027
"SISAČKO-MOSLAVAČKA","VI","Noćenja",4466,2534,3871,3607,6424,3558
"SISAČKO-MOSLAVAČKA","VII","Dolasci",1011,1872,1234,2744,1371,2336
"SISAČKO-MOSLAVAČKA","VII","Noćenja",3458,3302,3690,4631,5385,5370
"SISAČKO-MOSLAVAČKA","VIII","Dolasci",1337,2035,1168,3187,1617,3106
"SISAČKO-MOSLAVAČKA","VIII","Noćenja",4859,3959,4115,5558,4872,6435
"SISAČKO-MOSLAVAČKA","IX","Dolasci",1278,1513,1377,1936,1759,2246
"SISAČKO-MOSLAVAČKA","IX","Noćenja",4689,2701,4105,3248,4490,3952
"SISAČKO-MOSLAVAČKA","X","Dolasci",1863,1070,1729,1547,1955,1234
"SISAČKO-MOSLAVAČKA","X","Noćenja",5989,2007,5572,2807,5337,2336
"SISAČKO-MOSLAVAČKA","XI","Dolasci",1706,810,1683,1035,1595,1222
"SISAČKO-MOSLAVAČKA","XI","Noćenja",6539,1764,5927,2286,5634,2653
"SISAČKO-MOSLAVAČKA","XII","Dolasci",1439,733,1566,825,1885,996
"SISAČKO-MOSLAVAČKA","XII","Noćenja",3892,1481,3924,1907,4008,2425
"KARLOVAČKA","I","Dolasci",922,2019,1279,2872,1619,2966
"KARLOVAČKA","I","Noćenja",2431,2761,2726,3736,3624,4069
"KARLOVAČKA","II","Dolasci",963,2991,942,3682,1293,3091
"KARLOVAČKA","II","Noćenja",1679,4123,1680,4707,2318,4480
"KARLOVAČKA","III","Dolasci",1036,4174,1371,5187,1164,5952
"KARLOVAČKA","III","Noćenja",2155,5413,2174,6230,2097,7884
"KARLOVAČKA","IV","Dolasci",1230,8659,2205,13867,2289,14760
"KARLOVAČKA","IV","Noćenja",2323,12353,3409,19411,4042,22396
"KARLOVAČKA","V","Dolasci",2241,19576,2525,21910,2946,27566
"KARLOVAČKA","V","Noćenja",3930,29172,4116,32144,4925,42127
"KARLOVAČKA","VI","Dolasci",2514,29131,2985,40484,3404,40593
"KARLOVAČKA","VI","Noćenja",5135,45304,5272,64341,6393,61844
"KARLOVAČKA","VII","Dolasci",2266,63900,2822,76527,2616,69736
"KARLOVAČKA","VII","Noćenja",5288,121414,5951,158463,5821,116701
"KARLOVAČKA","VIII","Dolasci",2390,75659,3253,84729,3102,90027
"KARLOVAČKA","VIII","Noćenja",5084,126562,6710,143683,7921,191517
"KARLOVAČKA","IX","Dolasci",2978,32299,2230,36579,2739,42684
"KARLOVAČKA","IX","Noćenja",5267,50151,4083,55285,4687,65764
"KARLOVAČKA","X","Dolasci",1918,11915,1747,14738,2404,18051
"KARLOVAČKA","X","Noćenja",3586,16873,3201,21104,3877,24986
"KARLOVAČKA","XI","Dolasci",1420,3857,1321,4008,1808,6208
"KARLOVAČKA","XI","Noćenja",2633,5389,2256,5994,3087,8442
"KARLOVAČKA","XII","Dolasci",1783,3124,2271,3457,2342,3904
"KARLOVAČKA","XII","Noćenja",3275,4131,4154,4468,4311,5053
"VARAŽDINSKA","I","Dolasci",1683,633,1460,802,2191,2199
"VARAŽDINSKA","I","Noćenja",6503,1397,5996,1849,7484,6948
"VARAŽDINSKA","II","Dolasci",2084,761,2053,859,2516,846
"VARAŽDINSKA","II","Noćenja",8380,1514,5825,1933,6885,2122
"VARAŽDINSKA","III","Dolasci",1735,1180,2260,1422,2202,1510
"VARAŽDINSKA","III","Noćenja",5703,2335,6746,3101,6182,3801
"VARAŽDINSKA","IV","Dolasci",2722,1616,2524,2184,3015,2344
"VARAŽDINSKA","IV","Noćenja",6630,3123,6436,4136,7542,7000
"VARAŽDINSKA","V","Dolasci",3247,2049,3712,2477,3479,3278
"VARAŽDINSKA","V","Noćenja",6838,3687,7937,4734,7364,5468
"VARAŽDINSKA","VI","Dolasci",1785,2499,2180,3754,2397,4058
"VARAŽDINSKA","VI","Noćenja",5033,4338,5096,6131,5987,6716
"VARAŽDINSKA","VII","Dolasci",1390,3459,1459,4947,2045,5768
"VARAŽDINSKA","VII","Noćenja",5648,5789,5623,8420,7293,10184
"VARAŽDINSKA","VIII","Dolasci",2716,3874,2669,5844,3226,6459
"VARAŽDINSKA","VIII","Noćenja",9537,7120,7892,12160,10378,13774
"VARAŽDINSKA","IX","Dolasci",2591,3110,2216,4185,2942,4556
"VARAŽDINSKA","IX","Noćenja",6628,7279,5940,7979,7024,8213
"VARAŽDINSKA","X","Dolasci",2755,2058,2994,2661,3287,2507
"VARAŽDINSKA","X","Noćenja",7621,4166,7661,5033,8331,5352
"VARAŽDINSKA","XI","Dolasci",2458,1760,2555,1674,3203,2041
"VARAŽDINSKA","XI","Noćenja",7161,3828,7837,3470,8516,4366
"VARAŽDINSKA","XII","Dolasci",2608,1235,3068,1298,3512,1569
"VARAŽDINSKA","XII","Noćenja",5883,2454,7033,2544,7799,3047
"KOPRIVNIČKO-KRIŽEVAČKA","I","Dolasci",830,338,744,415,709,400
"KOPRIVNIČKO-KRIŽEVAČKA","I","Noćenja",2376,894,2394,1042,2423,1103
"KOPRIVNIČKO-KRIŽEVAČKA","II","Dolasci",653,260,843,313,823,334
"KOPRIVNIČKO-KRIŽEVAČKA","II","Noćenja",1118,477,1812,756,1537,807
"KOPRIVNIČKO-KRIŽEVAČKA","III","Dolasci",781,537,896,601,553,287
"KOPRIVNIČKO-KRIŽEVAČKA","III","Noćenja",1745,1209,1875,1477,1023,665
"KOPRIVNIČKO-KRIŽEVAČKA","IV","Dolasci",1406,483,1058,601,1189,884
"KOPRIVNIČKO-KRIŽEVAČKA","IV","Noćenja",3132,972,2081,1766,2052,1443
"KOPRIVNIČKO-KRIŽEVAČKA","V","Dolasci",870,675,1106,653,1275,962
"KOPRIVNIČKO-KRIŽEVAČKA","V","Noćenja",1795,1572,2040,1489,2101,1440
"KOPRIVNIČKO-KRIŽEVAČKA","VI","Dolasci",701,794,863,862,873,968
"KOPRIVNIČKO-KRIŽEVAČKA","VI","Noćenja",1440,1263,1638,1843,2287,1362
"KOPRIVNIČKO-KRIŽEVAČKA","VII","Dolasci",461,730,625,882,500,1183
"KOPRIVNIČKO-KRIŽEVAČKA","VII","Noćenja",1099,1265,1601,2225,1244,2112
"KOPRIVNIČKO-KRIŽEVAČKA","VIII","Dolasci",733,1485,470,936,565,1085
"KOPRIVNIČKO-KRIŽEVAČKA","VIII","Noćenja",1473,4197,1017,1719,1354,3961
"KOPRIVNIČKO-KRIŽEVAČKA","IX","Dolasci",978,904,1040,931,1092,1458
"KOPRIVNIČKO-KRIŽEVAČKA","IX","Noćenja",2300,1482,1577,1465,2440,2227
"KOPRIVNIČKO-KRIŽEVAČKA","X","Dolasci",1040,690,1089,462,1082,456
"KOPRIVNIČKO-KRIŽEVAČKA","X","Noćenja",1877,1213,1986,1123,2065,1166
"KOPRIVNIČKO-KRIŽEVAČKA","XI","Dolasci",1186,575,1001,425,901,382
"KOPRIVNIČKO-KRIŽEVAČKA","XI","Noćenja",2339,1217,1778,1074,1673,761
"KOPRIVNIČKO-KRIŽEVAČKA","XII","Dolasci",1327,427,1407,314,1176,454
"KOPRIVNIČKO-KRIŽEVAČKA","XII","Noćenja",2406,886,2370,666,2008,870
"BJELOVARSKO-BILOGORSKA","I","Dolasci",1059,364,1113,472,1328,441
"BJELOVARSKO-BILOGORSKA","I","Noćenja",4329,851,3526,1518,4198,1449
"BJELOVARSKO-BILOGORSKA","II","Dolasci",1250,334,1029,421,1048,536
"BJELOVARSKO-BILOGORSKA","II","Noćenja",4038,821,3756,1097,3916,1709
"BJELOVARSKO-BILOGORSKA","III","Dolasci",1128,357,1244,492,1323,407
"BJELOVARSKO-BILOGORSKA","III","Noćenja",4267,841,3776,1249,4528,1256
"BJELOVARSKO-BILOGORSKA","IV","Dolasci",1480,443,1162,484,1607,665
"BJELOVARSKO-BILOGORSKA","IV","Noćenja",4813,965,4017,1148,5145,1690
"BJELOVARSKO-BILOGORSKA","V","Dolasci",1058,546,1181,605,1231,646
"BJELOVARSKO-BILOGORSKA","V","Noćenja",3840,1252,3988,1400,4289,1481
"BJELOVARSKO-BILOGORSKA","VI","Dolasci",1072,413,1293,726,1314,794
"BJELOVARSKO-BILOGORSKA","VI","Noćenja",3455,1001,4093,1468,4181,1902
"BJELOVARSKO-BILOGORSKA","VII","Dolasci",1209,660,1120,775,1414,779
"BJELOVARSKO-BILOGORSKA","VII","Noćenja",4727,1493,4478,1872,5750,2079
"BJELOVARSKO-BILOGORSKA","VIII","Dolasci",1090,722,1199,862,1364,1030
"BJELOVARSKO-BILOGORSKA","VIII","Noćenja",4328,1887,4823,2294,4516,2970
"BJELOVARSKO-BILOGORSKA","IX","Dolasci",1365,764,1610,910,1528,932
"BJELOVARSKO-BILOGORSKA","IX","Noćenja",5036,1955,5015,2172,5047,2471
"BJELOVARSKO-BILOGORSKA","X","Dolasci",1375,578,1332,644,1520,763
"BJELOVARSKO-BILOGORSKA","X","Noćenja",4989,1742,4898,1528,4961,2207
"BJELOVARSKO-BILOGORSKA","XI","Dolasci",1078,570,1206,717,1413,751
"BJELOVARSKO-BILOGORSKA","XI","Noćenja",4412,1470,3995,2104,5318,2278
"BJELOVARSKO-BILOGORSKA","XII","Dolasci",1182,393,1470,489,1434,562
"BJELOVARSKO-BILOGORSKA","XII","Noćenja",4009,1145,4398,1143,4809,1674
"PRIMORSKO-GORANSKA","I","Dolasci",10480,9533,10771,10717,10872,11109
"PRIMORSKO-GORANSKA","I","Noćenja",33480,29839,28954,37589,27634,33745
"PRIMORSKO-GORANSKA","II","Dolasci",13257,15373,14171,14179,12088,14532
"PRIMORSKO-GORANSKA","II","Noćenja",32878,34248,31604,34304,25507,33028
"PRIMORSKO-GORANSKA","III","Dolasci",14744,35285,15803,34210,17038,39830
"PRIMORSKO-GORANSKA","III","Noćenja",39009,94652,35241,86262,38163,98208
"PRIMORSKO-GORANSKA","IV","Dolasci",20210,83662,23393,116805,26842,120550
"PRIMORSKO-GORANSKA","IV","Noćenja",46728,233208,59226,355595,64226,345313
"PRIMORSKO-GORANSKA","V","Dolasci",29933,159069,31814,144578,34564,210877
"PRIMORSKO-GORANSKA","V","Noćenja",81506,596571,80064,523984,82456,823601
"PRIMORSKO-GORANSKA","VI","Dolasci",37754,283743,45787,383068,49126,375119
"PRIMORSKO-GORANSKA","VI","Noćenja",142672,1444862,165114,1980103,177837,1848965
"PRIMORSKO-GORANSKA","VII","Dolasci",52373,629795,52401,680527,50482,659253
"PRIMORSKO-GORANSKA","VII","Noćenja",281265,3906651,273604,4223808,270124,4281045
"PRIMORSKO-GORANSKA","VIII","Dolasci",50816,656662,48614,676038,51993,687116
"PRIMORSKO-GORANSKA","VIII","Noćenja",304982,4381576,290089,4551369,302268,4531845
"PRIMORSKO-GORANSKA","IX","Dolasci",25637,281528,24072,266929,27280,305382
"PRIMORSKO-GORANSKA","IX","Noćenja",95674,1581148,83123,1500723,92879,1599621
"PRIMORSKO-GORANSKA","X","Dolasci",20748,90582,22558,96300,23212,100559
"PRIMORSKO-GORANSKA","X","Noćenja",53082,293649,51942,314290,52858,346044
"PRIMORSKO-GORANSKA","XI","Dolasci",14960,25246,13808,24004,15866,24906
"PRIMORSKO-GORANSKA","XI","Noćenja",33734,64014,30105,62933,35095,66807
"PRIMORSKO-GORANSKA","XII","Dolasci",13256,23791,13742,24890,13680,27638
"PRIMORSKO-GORANSKA","XII","Noćenja",30992,66148,28976,68441,29692,77385
"LIČKO-SENJSKA","I","Dolasci",920,2444,1398,3653,1262,4669
"LIČKO-SENJSKA","I","Noćenja",2577,2908,3159,4190,3248,5293
"LIČKO-SENJSKA","II","Dolasci",844,2637,778,3494,1091,4038
"LIČKO-SENJSKA","II","Noćenja",2074,3259,1677,4059,2012,4707
"LIČKO-SENJSKA","III","Dolasci",1151,7980,1317,9406,1589,11293
"LIČKO-SENJSKA","III","Noćenja",2407,10171,2014,10779,2520,13577
"LIČKO-SENJSKA","IV","Dolasci",2577,18610,2325,30641,2649,30995
"LIČKO-SENJSKA","IV","Noćenja",4675,28576,4230,49244,4753,47114
"LIČKO-SENJSKA","V","Dolasci",4033,42437,3237,49236,4758,64779
"LIČKO-SENJSKA","V","Noćenja",9024,94892,6069,94069,9078,132777
"LIČKO-SENJSKA","VI","Dolasci",4748,74052,6292,103431,5970,105373
"LIČKO-SENJSKA","VI","Noćenja",13892,263322,18755,363019,17095,361816
"LIČKO-SENJSKA","VII","Dolasci",6991,161635,7455,188964,7355,192910
"LIČKO-SENJSKA","VII","Noćenja",32190,717539,34070,823286,34290,856639
"LIČKO-SENJSKA","VIII","Dolasci",6119,173423,6765,190773,7307,201114
"LIČKO-SENJSKA","VIII","Noćenja",32226,833375,35097,894913,36309,905451
"LIČKO-SENJSKA","IX","Dolasci",3231,64159,3496,72375,3650,79582
"LIČKO-SENJSKA","IX","Noćenja",7785,201789,8796,217792,9086,220380
"LIČKO-SENJSKA","X","Dolasci",2845,26005,2216,32820,3307,37080
"LIČKO-SENJSKA","X","Noćenja",4676,37079,3548,46985,5512,52877
"LIČKO-SENJSKA","XI","Dolasci",1257,7471,1200,8767,1514,9871
"LIČKO-SENJSKA","XI","Noćenja",2008,8781,2201,10823,2564,12488
"LIČKO-SENJSKA","XII","Dolasci",1216,4344,1620,4625,1966,5208
"LIČKO-SENJSKA","XII","Noćenja",2269,5259,2900,5350,3352,6292
"VIROVITIČKO-PODRAVSKA","I","Dolasci",346,181,365,221,589,295
"VIROVITIČKO-PODRAVSKA","I","Noćenja",977,447,647,448,1391,748
"VIROVITIČKO-PODRAVSKA","II","Dolasci",411,277,518,293,827,398
"VIROVITIČKO-PODRAVSKA","II","Noćenja",789,671,992,560,1888,1060
"VIROVITIČKO-PODRAVSKA","III","Dolasci",613,173,481,222,917,220
"VIROVITIČKO-PODRAVSKA","III","Noćenja",1260,441,807,613,3322,754
"VIROVITIČKO-PODRAVSKA","IV","Dolasci",929,217,533,248,1343,413
"VIROVITIČKO-PODRAVSKA","IV","Noćenja",2768,479,1016,689,3366,1030
"VIROVITIČKO-PODRAVSKA","V","Dolasci",1210,389,1123,328,1580,398
"VIROVITIČKO-PODRAVSKA","V","Noćenja",2893,868,3323,635,4379,972
"VIROVITIČKO-PODRAVSKA","VI","Dolasci",809,276,1174,455,1611,605
"VIROVITIČKO-PODRAVSKA","VI","Noćenja",1624,681,2719,971,3965,1127
"VIROVITIČKO-PODRAVSKA","VII","Dolasci",780,301,1012,377,996,512
"VIROVITIČKO-PODRAVSKA","VII","Noćenja",2246,933,3166,929,3207,1409
"VIROVITIČKO-PODRAVSKA","VIII","Dolasci",945,484,1065,603,964,795
"VIROVITIČKO-PODRAVSKA","VIII","Noćenja",2976,1178,3326,1284,3042,1930
"VIROVITIČKO-PODRAVSKA","IX","Dolasci",975,400,1189,447,1159,487
"VIROVITIČKO-PODRAVSKA","IX","Noćenja",2626,877,2767,1034,2760,1315
"VIROVITIČKO-PODRAVSKA","X","Dolasci",915,320,1063,368,1315,318
"VIROVITIČKO-PODRAVSKA","X","Noćenja",1985,677,2531,727,2389,797
"VIROVITIČKO-PODRAVSKA","XI","Dolasci",647,390,686,383,955,404
"VIROVITIČKO-PODRAVSKA","XI","Noćenja",1075,849,1159,965,2084,1108
"VIROVITIČKO-PODRAVSKA","XII","Dolasci",536,265,637,393,603,319
"VIROVITIČKO-PODRAVSKA","XII","Noćenja",893,627,1162,983,1439,817
"POŽEŠKO-SLAVONSKA","I","Dolasci",926,166,834,173,1010,174
"POŽEŠKO-SLAVONSKA","I","Noćenja",1968,426,1944,562,2328,365
"POŽEŠKO-SLAVONSKA","II","Dolasci",639,109,514,148,459,138
"POŽEŠKO-SLAVONSKA","II","Noćenja",1683,243,1167,361,1099,393
"POŽEŠKO-SLAVONSKA","III","Dolasci",661,135,970,172,944,235
"POŽEŠKO-SLAVONSKA","III","Noćenja",1479,275,1912,489,1786,377
"POŽEŠKO-SLAVONSKA","IV","Dolasci",818,231,679,355,856,375
"POŽEŠKO-SLAVONSKA","IV","Noćenja",1376,461,1441,930,2199,745
"POŽEŠKO-SLAVONSKA","V","Dolasci",925,254,818,360,903,562
"POŽEŠKO-SLAVONSKA","V","Noćenja",1918,576,1535,628,1894,1208
"POŽEŠKO-SLAVONSKA","VI","Dolasci",758,320,912,347,812,429
"POŽEŠKO-SLAVONSKA","VI","Noćenja",2072,530,2143,734,2050,1125
"POŽEŠKO-SLAVONSKA","VII","Dolasci",442,273,609,454,654,484
"POŽEŠKO-SLAVONSKA","VII","Noćenja",1090,544,1738,1378,2202,1455
"POŽEŠKO-SLAVONSKA","VIII","Dolasci",521,331,713,468,777,737
"POŽEŠKO-SLAVONSKA","VIII","Noćenja",1621,920,1925,1159,1946,2119
"POŽEŠKO-SLAVONSKA","IX","Dolasci",765,357,933,404,1313,672
"POŽEŠKO-SLAVONSKA","IX","Noćenja",1720,671,2199,850,2540,1477
"POŽEŠKO-SLAVONSKA","X","Dolasci",778,321,952,300,1269,451
"POŽEŠKO-SLAVONSKA","X","Noćenja",1661,686,2090,554,2238,1093
"POŽEŠKO-SLAVONSKA","XI","Dolasci",879,293,1155,281,1486,443
"POŽEŠKO-SLAVONSKA","XI","Noćenja",1674,612,2454,607,2405,873
"POŽEŠKO-SLAVONSKA","XII","Dolasci",614,138,568,165,782,287
"POŽEŠKO-SLAVONSKA","XII","Noćenja",1320,391,1396,415,1492,725
"BRODSKO-POSAVSKA","I","Dolasci",846,976,624,750,764,861
"BRODSKO-POSAVSKA","I","Noćenja",1710,2022,1143,1322,1381,1511
"BRODSKO-POSAVSKA","II","Dolasci",1009,778,672,650,728,690
"BRODSKO-POSAVSKA","II","Noćenja",2192,1631,1122,1046,1136,1435
"BRODSKO-POSAVSKA","III","Dolasci",841,924,903,853,838,956
"BRODSKO-POSAVSKA","III","Noćenja",1982,1878,1615,2130,1557,2086
"BRODSKO-POSAVSKA","IV","Dolasci",906,872,1295,1333,1242,1106
"BRODSKO-POSAVSKA","IV","Noćenja",1609,1600,2341,2301,2227,1738
"BRODSKO-POSAVSKA","V","Dolasci",949,1085,944,1303,958,1884
"BRODSKO-POSAVSKA","V","Noćenja",1407,1644,1719,2243,1620,2862
"BRODSKO-POSAVSKA","VI","Dolasci",783,1353,938,1403,1044,2092
"BRODSKO-POSAVSKA","VI","Noćenja",1529,2378,2011,2270,1757,2963
"BRODSKO-POSAVSKA","VII","Dolasci",679,2444,861,2854,856,3488
"BRODSKO-POSAVSKA","VII","Noćenja",1355,3505,2369,4206,1889,4526
"BRODSKO-POSAVSKA","VIII","Dolasci",789,2410,818,3019,1009,4541
"BRODSKO-POSAVSKA","VIII","Noćenja",1527,3454,1885,5036,2196,5743
"BRODSKO-POSAVSKA","IX","Dolasci",1044,1620,1102,1642,1087,2396
"BRODSKO-POSAVSKA","IX","Noćenja",1694,2300,2023,2605,2114,3501
"BRODSKO-POSAVSKA","X","Dolasci",1015,1032,1240,1236,1399,1723
"BRODSKO-POSAVSKA","X","Noćenja",1911,1579,2185,2017,2223,3242
"BRODSKO-POSAVSKA","XI","Dolasci",1350,891,1227,1124,1624,1078
"BRODSKO-POSAVSKA","XI","Noćenja",2139,1563,2285,1817,2797,2036
"BRODSKO-POSAVSKA","XII","Dolasci",1057,916,984,839,987,1149
"BRODSKO-POSAVSKA","XII","Noćenja",2081,1341,1710,1390,1520,1715
"ZADARSKA","I","Dolasci",2447,2656,2829,4178,2693,4956
"ZADARSKA","I","Noćenja",5520,5919,7162,9962,5164,10159
"ZADARSKA","II","Dolasci",2780,3849,3719,3967,3798,5162
"ZADARSKA","II","Noćenja",5676,7386,8416,9019,7148,9703
"ZADARSKA","III","Dolasci",3670,9318,5722,11123,6305,17774
"ZADARSKA","III","Noćenja",9179,22191,11090,22030,11086,35719
"ZADARSKA","IV","Dolasci",6829,29982,9009,46789,10357,49749
"ZADARSKA","IV","Noćenja",13677,76656,22097,133356,22939,122849
"ZADARSKA","V","Dolasci",12150,69102,15454,72323,16098,97705
"ZADARSKA","V","Noćenja",31599,256853,37044,235563,34683,377501
"ZADARSKA","VI","Dolasci",19109,143118,24044,192424,30789,205828
"ZADARSKA","VI","Noćenja",84025,762106,105908,1056120,131306,1033684
"ZADARSKA","VII","Dolasci",43691,383540,50042,436585,50824,435667
"ZADARSKA","VII","Noćenja",270482,2526717,304757,2870504,316336,2988552
"ZADARSKA","VIII","Dolasci",44921,375256,47840,398704,54648,414685
"ZADARSKA","VIII","Noćenja",331836,2775914,360415,2948635,393530,3001304
"ZADARSKA","IX","Dolasci",13379,125796,11880,136980,16262,147293
"ZADARSKA","IX","Noćenja",48195,787829,45854,812826,57404,804258
"ZADARSKA","X","Dolasci",9125,40623,8499,47731,8431,52856
"ZADARSKA","X","Noćenja",19554,124656,16829,143158,17151,150047
"ZADARSKA","XI","Dolasci",4263,6911,7064,11097,6190,11553
"ZADARSKA","XI","Noćenja",8032,15527,12574,23349,10979,22039
"ZADARSKA","XII","Dolasci",3600,6091,3200,8216,4719,10125
"ZADARSKA","XII","Noćenja",6614,13709,5596,16222,8261,19044
"OSJEČKO-BARANJSKA","I","Dolasci",2762,1088,3211,1134,3633,1315
"OSJEČKO-BARANJSKA","I","Noćenja",5546,2397,6107,2842,7184,3253
"OSJEČKO-BARANJSKA","II","Dolasci",3274,1355,3470,1466,3406,1811
"OSJEČKO-BARANJSKA","II","Noćenja",5840,2738,6407,3870,6795,4130
"OSJEČKO-BARANJSKA","III","Dolasci",4061,1704,4672,1779,4668,2063
"OSJEČKO-BARANJSKA","III","Noćenja",7541,3702,7584,3801,8453,4685
"OSJEČKO-BARANJSKA","IV","Dolasci",5106,2571,5140,2858,5645,3088
"OSJEČKO-BARANJSKA","IV","Noćenja",9258,5564,9368,5582,9839,6120
"OSJEČKO-BARANJSKA","V","Dolasci",6254,3181,5370,3840,6184,4529
"OSJEČKO-BARANJSKA","V","Noćenja",11412,6478,9597,7607,10839,9388
"OSJEČKO-BARANJSKA","VI","Dolasci",4719,3233,4964,3503,5187,4116
"OSJEČKO-BARANJSKA","VI","Noćenja",8819,6300,9254,7045,10126,7658
"OSJEČKO-BARANJSKA","VII","Dolasci",3260,3396,3452,4020,3434,4583
"OSJEČKO-BARANJSKA","VII","Noćenja",7126,8125,7203,8482,7147,9870
"OSJEČKO-BARANJSKA","VIII","Dolasci",3459,3634,3144,4429,3153,4683
"OSJEČKO-BARANJSKA","VIII","Noćenja",7204,7701,6194,8738,6337,10628
"OSJEČKO-BARANJSKA","IX","Dolasci",6407,4174,6365,4166,6530,4652
"OSJEČKO-BARANJSKA","IX","Noćenja",12177,8389,11856,8850,11799,9446
"OSJEČKO-BARANJSKA","X","Dolasci",6824,3271,6840,3571,7254,3536
"OSJEČKO-BARANJSKA","X","Noćenja",12934,6017,12164,7081,13768,7637
"OSJEČKO-BARANJSKA","XI","Dolasci",6820,2083,6370,2290,7244,1975
"OSJEČKO-BARANJSKA","XI","Noćenja",11660,4236,11471,4889,12606,4489
"OSJEČKO-BARANJSKA","XII","Dolasci",4751,1673,4483,1702,4543,1793
"OSJEČKO-BARANJSKA","XII","Noćenja",8348,3433,7864,3821,8015,4692
"ŠIBENSKO-KNINSKA","I","Dolasci",981,1009,1089,1563,1662,1856
"ŠIBENSKO-KNINSKA","I","Noćenja",2684,2012,3950,3380,4296,3506
"ŠIBENSKO-KNINSKA","II","Dolasci",1600,1182,2180,1918,1617,1680
"ŠIBENSKO-KNINSKA","II","Noćenja",3125,2416,6766,4316,4408,3635
"ŠIBENSKO-KNINSKA","III","Dolasci",6351,7114,6132,5422,6265,8906
"ŠIBENSKO-KNINSKA","III","Noćenja",14959,16935,14214,13130,13278,23043
"ŠIBENSKO-KNINSKA","IV","Dolasci",7861,15926,8496,25409,7943,26902
"ŠIBENSKO-KNINSKA","IV","Noćenja",16884,46449,21496,71447,18045,66044
"ŠIBENSKO-KNINSKA","V","Dolasci",8405,38645,9998,40950,10669,55398
"ŠIBENSKO-KNINSKA","V","Noćenja",21292,158493,21911,140342,21940,201352
"ŠIBENSKO-KNINSKA","VI","Dolasci",13432,82638,15410,110467,17595,118247
"ŠIBENSKO-KNINSKA","VI","Noćenja",48947,445232,59816,598800,68167,588344
"ŠIBENSKO-KNINSKA","VII","Dolasci",29135,222448,28116,255226,30107,246738
"ŠIBENSKO-KNINSKA","VII","Noćenja",164895,1515195,160634,1695291,175746,1699403
"ŠIBENSKO-KNINSKA","VIII","Dolasci",31192,219489,29431,236104,33654,234458
"ŠIBENSKO-KNINSKA","VIII","Noćenja",209507,1651193,211682,1738469,230930,1694785
"ŠIBENSKO-KNINSKA","IX","Dolasci",10750,81139,9354,89261,9503,92330
"ŠIBENSKO-KNINSKA","IX","Noćenja",33897,519352,32010,534511,31942,509957
"ŠIBENSKO-KNINSKA","X","Dolasci",6294,21015,8732,22907,11063,31952
"ŠIBENSKO-KNINSKA","X","Noćenja",15009,75347,19873,73032,24137,98797
"ŠIBENSKO-KNINSKA","XI","Dolasci",2474,3478,6064,4049,5219,5841
"ŠIBENSKO-KNINSKA","XI","Noćenja",6032,7384,12456,8501,10263,10146
"ŠIBENSKO-KNINSKA","XII","Dolasci",2612,2585,2465,2490,2482,3116
"ŠIBENSKO-KNINSKA","XII","Noćenja",5964,5100,4129,5133,4112,5950
"VUKOVARSKO-SRIJEMSKA","I","Dolasci",1428,837,3827,830,5168,516
"VUKOVARSKO-SRIJEMSKA","I","Noćenja",2265,1240,4488,1445,7973,943
"VUKOVARSKO-SRIJEMSKA","II","Dolasci",983,534,5845,688,4386,440
"VUKOVARSKO-SRIJEMSKA","II","Noćenja",1518,975,7412,1013,6372,824
"VUKOVARSKO-SRIJEMSKA","III","Dolasci",1786,746,6414,980,5034,659
"VUKOVARSKO-SRIJEMSKA","III","Noćenja",2727,1523,9878,1580,8084,1527
"VUKOVARSKO-SRIJEMSKA","IV","Dolasci",3972,1289,6377,1600,6212,1396
"VUKOVARSKO-SRIJEMSKA","IV","Noćenja",5863,2156,11523,3139,10405,3243
"VUKOVARSKO-SRIJEMSKA","V","Dolasci",7244,1263,8013,1698,7884,1492
"VUKOVARSKO-SRIJEMSKA","V","Noćenja",10400,2364,14300,2878,13697,2758
"VUKOVARSKO-SRIJEMSKA","VI","Dolasci",5079,1158,4999,1303,5369,1228
"VUKOVARSKO-SRIJEMSKA","VI","Noćenja",7031,1691,9253,1965,9450,2056
"VUKOVARSKO-SRIJEMSKA","VII","Dolasci",1546,2638,1713,3222,1683,1823
"VUKOVARSKO-SRIJEMSKA","VII","Noćenja",3056,3590,3839,4249,3534,3238
"VUKOVARSKO-SRIJEMSKA","VIII","Dolasci",1648,2596,2066,3562,2317,1967
"VUKOVARSKO-SRIJEMSKA","VIII","Noćenja",3410,3823,4646,4633,4768,3539
"VUKOVARSKO-SRIJEMSKA","IX","Dolasci",8080,2362,7406,2744,7601,1579
"VUKOVARSKO-SRIJEMSKA","IX","Noćenja",11625,4537,11178,4036,11280,2934
"VUKOVARSKO-SRIJEMSKA","X","Dolasci",7465,984,8598,1426,8231,1123
"VUKOVARSKO-SRIJEMSKA","X","Noćenja",9328,1571,11806,2077,12312,2062
"VUKOVARSKO-SRIJEMSKA","XI","Dolasci",8813,1085,8776,1217,8138,997
"VUKOVARSKO-SRIJEMSKA","XI","Noćenja",11369,1738,12871,2150,11160,2578
"VUKOVARSKO-SRIJEMSKA","XII","Dolasci",5274,1008,4821,817,4665,628
"VUKOVARSKO-SRIJEMSKA","XII","Noćenja",6727,1674,6925,1186,5916,1389
"SPLITSKO-DALMATINSKA","I","Dolasci",6023,6284,6183,9735,7739,10484
"SPLITSKO-DALMATINSKA","I","Noćenja",14131,20706,13816,23677,17837,27828
"SPLITSKO-DALMATINSKA","II","Dolasci",9241,8351,8363,11045,8326,12757
"SPLITSKO-DALMATINSKA","II","Noćenja",16862,18467,16503,27047,16436,31526
"SPLITSKO-DALMATINSKA","III","Dolasci",11484,21701,10994,22199,13702,35206
"SPLITSKO-DALMATINSKA","III","Noćenja",23334,51689,19990,45952,27555,83370
"SPLITSKO-DALMATINSKA","IV","Dolasci",14953,63524,17713,100402,19085,106212
"SPLITSKO-DALMATINSKA","IV","Noćenja",31117,170586,41817,294399,42268,292568
"SPLITSKO-DALMATINSKA","V","Dolasci",19385,155465,17474,188701,24190,238062
"SPLITSKO-DALMATINSKA","V","Noćenja",53807,604408,39414,685642,57002,897357
"SPLITSKO-DALMATINSKA","VI","Dolasci",24108,314771,26637,414090,31532,481414
"SPLITSKO-DALMATINSKA","VI","Noćenja",89058,1588840,95619,2035814,114040,2211214
"SPLITSKO-DALMATINSKA","VII","Dolasci",42769,748528,44566,856413,46132,870814
"SPLITSKO-DALMATINSKA","VII","Noćenja",216594,4432077,221956,4963588,230434,5160276
"SPLITSKO-DALMATINSKA","VIII","Dolasci",46632,727271,45817,794457,52055,833531
"SPLITSKO-DALMATINSKA","VIII","Noćenja",291622,4768174,288467,5082911,317339,5183952
"SPLITSKO-DALMATINSKA","IX","Dolasci",22477,323826,19322,375357,21977,411527
"SPLITSKO-DALMATINSKA","IX","Noćenja",80053,1869645,67302,2027019,71242,2046460
"SPLITSKO-DALMATINSKA","X","Dolasci",16400,105067,15779,123073,19288,147248
"SPLITSKO-DALMATINSKA","X","Noćenja",36918,399464,35024,459271,40970,533943
"SPLITSKO-DALMATINSKA","XI","Dolasci",9903,17072,9475,18925,11251,39143
"SPLITSKO-DALMATINSKA","XI","Noćenja",18926,37866,18087,43563,20782,73814
"SPLITSKO-DALMATINSKA","XII","Dolasci",9196,12873,9336,13795,10074,22396
"SPLITSKO-DALMATINSKA","XII","Noćenja",16960,29587,16525,32314,17578,46165
"ISTARSKA","I","Dolasci",6889,10467,8408,13136,10919,16484
"ISTARSKA","I","Noćenja",24256,42073,24894,50815,30607,61002
"ISTARSKA","II","Dolasci",7556,25193,9127,26607,9358,29247
"ISTARSKA","II","Noćenja",19346,68974,21341,74014,23239,83775
"ISTARSKA","III","Dolasci",13190,68483,14477,43792,15971,81243
"ISTARSKA","III","Noćenja",32764,225702,32954,128513,34357,253158
"ISTARSKA","IV","Dolasci",21378,141938,24602,222180,33150,212811
"ISTARSKA","IV","Noćenja",54054,462385,63226,753015,82994,696198
"ISTARSKA","V","Dolasci",33555,300107,36889,257184,38587,395517
"ISTARSKA","V","Noćenja",93120,1419790,90858,1177896,96858,1892957
"ISTARSKA","VI","Dolasci",25853,471058,28581,669887,35319,626957
"ISTARSKA","VI","Noćenja",93658,2774584,97726,3965753,121714,3611762
"ISTARSKA","VII","Dolasci",26212,950992,26290,1037329,26116,1009102
"ISTARSKA","VII","Noćenja",137040,6438090,126515,7158476,127383,7303991
"ISTARSKA","VIII","Dolasci",24073,981333,22275,1008795,24589,1019131
"ISTARSKA","VIII","Noćenja",130127,7399545,121190,7779807,130613,7660082
"ISTARSKA","IX","Dolasci",24861,441886,20878,436100,25009,489570
"ISTARSKA","IX","Noćenja",68870,3025897,63558,3012160,75058,3095585
"ISTARSKA","X","Dolasci",21369,101273,19338,108230,25646,123130
"ISTARSKA","X","Noćenja",49330,400082,42334,450347,57606,505959
"ISTARSKA","XI","Dolasci",10391,18308,9282,22378,14004,29292
"ISTARSKA","XI","Noćenja",23300,53479,20760,74009,32896,90181
"ISTARSKA","XII","Dolasci",7094,29715,8779,29474,8994,32606
"ISTARSKA","XII","Noćenja",15154,76613,18222,78093,21326,89462
"DUBROVAČKO-NERETVANSKA","I","Dolasci",3332,7659,2805,10047,3726,10394
"DUBROVAČKO-NERETVANSKA","I","Noćenja",8833,22399,7332,28037,8521,30040
"DUBROVAČKO-NERETVANSKA","II","Dolasci",4539,12665,5085,12318,4359,13870
"DUBROVAČKO-NERETVANSKA","II","Noćenja",9800,32350,12349,31848,9052,31637
"DUBROVAČKO-NERETVANSKA","III","Dolasci",6963,31692,6643,30826,6722,39958
"DUBROVAČKO-NERETVANSKA","III","Noćenja",17046,78567,14504,73518,14555,97243
"DUBROVAČKO-NERETVANSKA","IV","Dolasci",10426,67372,10506,105773,11217,109014
"DUBROVAČKO-NERETVANSKA","IV","Noćenja",22998,201743,26098,343518,25764,343118
"DUBROVAČKO-NERETVANSKA","V","Dolasci",10105,142230,9357,170691,10532,199826
"DUBROVAČKO-NERETVANSKA","V","Noćenja",25610,493868,23341,584643,24521,686519
"DUBROVAČKO-NERETVANSKA","VI","Dolasci",11538,200640,12374,249711,13058,274366
"DUBROVAČKO-NERETVANSKA","VI","Noćenja",39700,824133,42419,1008164,44720,1062249
"DUBROVAČKO-NERETVANSKA","VII","Dolasci",15277,327960,15763,376558,15556,382759
"DUBROVAČKO-NERETVANSKA","VII","Noćenja",73157,1624823,74757,1802523,72830,1827967
"DUBROVAČKO-NERETVANSKA","VIII","Dolasci",18232,339834,17354,373908,19661,394829
"DUBROVAČKO-NERETVANSKA","VIII","Noćenja",106961,1749721,103089,1856864,110725,1882652
"DUBROVAČKO-NERETVANSKA","IX","Dolasci",9023,212350,10023,247896,10294,272870
"DUBROVAČKO-NERETVANSKA","IX","Noćenja",30964,915394,34416,1020448,32352,1059758
"DUBROVAČKO-NERETVANSKA","X","Dolasci",9331,111952,8732,132335,9759,147822
"DUBROVAČKO-NERETVANSKA","X","Noćenja",21612,419743,21146,477670,21561,523271
"DUBROVAČKO-NERETVANSKA","XI","Dolasci",5385,19565,6342,24467,6434,32991
"DUBROVAČKO-NERETVANSKA","XI","Noćenja",11993,47166,14140,57953,13978,73155
"DUBROVAČKO-NERETVANSKA","XII","Dolasci",5080,15617,5312,19288,4790,19927
"DUBROVAČKO-NERETVANSKA","XII","Noćenja",12253,37003,10613,42920,10437,44424
"MEĐIMURSKA","I","Dolasci",2333,913,3425,1400,3607,1777
"MEĐIMURSKA","I","Noćenja",6989,2192,8460,3543,8514,6514
"MEĐIMURSKA","II","Dolasci",1498,1546,2240,2763,2127,2583
"MEĐIMURSKA","II","Noćenja",3350,3614,5018,7472,4567,6561
"MEĐIMURSKA","III","Dolasci",2123,1351,3120,1953,3547,2239
"MEĐIMURSKA","III","Noćenja",4587,3016,6195,5156,6790,5267
"MEĐIMURSKA","IV","Dolasci",1861,1545,3009,2213,2970,3026
"MEĐIMURSKA","IV","Noćenja",3132,3569,7050,5378,6557,7368
"MEĐIMURSKA","V","Dolasci",1818,1593,2569,2044,3270,2262
"MEĐIMURSKA","V","Noćenja",3844,3999,5133,4375,5853,5396
"MEĐIMURSKA","VI","Dolasci",1951,2240,3522,2990,2988,3444
"MEĐIMURSKA","VI","Noćenja",4861,4723,7567,6021,6746,9403
"MEĐIMURSKA","VII","Dolasci",1214,2930,1918,4888,2063,5647
"MEĐIMURSKA","VII","Noćenja",3915,9179,4925,16033,5369,19178
"MEĐIMURSKA","VIII","Dolasci",1432,3140,1905,5136,2716,5928
"MEĐIMURSKA","VIII","Noćenja",4234,11499,5443,18624,7165,20395
"MEĐIMURSKA","IX","Dolasci",2275,1949,3677,2994,2981,3336
"MEĐIMURSKA","IX","Noćenja",4571,4045,6580,6533,5853,7626
"MEĐIMURSKA","X","Dolasci",2915,1701,3541,2874,4567,2992
"MEĐIMURSKA","X","Noćenja",4755,4273,7395,6761,8554,6576
"MEĐIMURSKA","XI","Dolasci",2364,1652,4259,1869,4493,1915
"MEĐIMURSKA","XI","Noćenja",4052,4309,7593,4663,8063,4916
"MEĐIMURSKA","XII","Dolasci",2142,1394,3778,2250,3252,2685
"MEĐIMURSKA","XII","Noćenja",3986,3345,7117,5111,6855,6650
"GRAD ZAGREB","I","Dolasci",14852,30024,14449,34271,16310,45513
"GRAD ZAGREB","I","Noćenja",28130,56343,28305,68218,33856,107436
"GRAD ZAGREB","II","Dolasci",14878,30988,14043,34653,14599,38685
"GRAD ZAGREB","II","Noćenja",26659,59562,25713,68820,27736,73956
"GRAD ZAGREB","III","Dolasci",16166,46545,18668,55074,19784,65037
"GRAD ZAGREB","III","Noćenja",29219,87135,32622,101625,34681,120844
"GRAD ZAGREB","IV","Dolasci",18933,66295,15422,85695,17642,86796
"GRAD ZAGREB","IV","Noćenja",32022,119455,27393,146460,32412,151467
"GRAD ZAGREB","V","Dolasci",16396,89182,16264,105306,18052,119386
"GRAD ZAGREB","V","Noćenja",26696,151372,27541,186005,31262,203061
"GRAD ZAGREB","VI","Dolasci",14902,91305,14821,123348,14177,126194
"GRAD ZAGREB","VI","Noćenja",26558,156909,27344,219329,27380,221209
"GRAD ZAGREB","VII","Dolasci",11497,116639,10042,136150,12354,148877
"GRAD ZAGREB","VII","Noćenja",23870,225053,20508,230919,24269,263110
"GRAD ZAGREB","VIII","Dolasci",9051,119211,8550,141152,10486,153703
"GRAD ZAGREB","VIII","Noćenja",16492,194916,15769,233770,21443,258315
"GRAD ZAGREB","IX","Dolasci",16113,108085,15896,128536,16288,136401
"GRAD ZAGREB","IX","Noćenja",28147,176925,27167,216509,27908,229663
"GRAD ZAGREB","X","Dolasci",19259,82863,18134,103328,20136,108138
"GRAD ZAGREB","X","Noćenja",35131,145340,31923,178966,35853,187850
"GRAD ZAGREB","XI","Dolasci",21731,57251,21027,60005,23950,65331
"GRAD ZAGREB","XI","Noćenja",39432,114861,37017,111504,43168,123453
"GRAD ZAGREB","XII","Dolasci",36806,59628,36549,74704,39409,82953
"GRAD ZAGREB","XII","Noćenja",61141,110741,61303,139028,70144,161341
